Domain,"Example Url","Domain Authority Score",Rating,Source,"URL Type",Comment
imagecompressor.com,https://imagecompressor.com/,64,5,keywords,general,
adobe.com,https://www.adobe.com/acrobat/online/merge-pdf.html,100,5,keywords,general,
forum.zorin.com,https://forum.zorin.com/t/struggling-to-find-the-right-image-compression-tool/36293,49,4,keywords,forum,
marketermilk.com,https://www.marketermilk.com/blog/best-seo-tools,47,4,keywords,blog,
moz.com,https://moz.com/community/q/recent,64,4,"keywords,competitors",general,
boldsign.com,https://boldsign.com/merge-pdf-online/,45,4,keywords,general,
wired.com,https://www.wired.com/,80,4,keywords,general,
compressnow.com,https://compressnow.com/,44,4,keywords,general,
news.ycombinator.com,https://news.ycombinator.com/item?id=46776752,73,4,keywords,news,
shortpixel.com,https://shortpixel.com/online-image-compression,49,4,keywords,general,
ilovepdf.com,https://www.ilovepdf.com/blog/how-to-merge-pdf-files,91,4,keywords,blog,
wix.com,https://www.wix.com/start/blog,83,4,keywords,blog,
tinywow.com,https://tinywow.com/,51,4,keywords,general,
imageresizer.com,https://imageresizer.com/image-compressor,64,4,keywords,general,
veed.io,https://www.veed.io/tools/ai-video/blog-to-video,73,4,keywords,general,
freeconvert.com,https://www.freeconvert.com/video-converter,83,4,keywords,general,
tools.pdf24.org,https://tools.pdf24.org/en/,79,4,keywords,general,
tinypng.com,https://tinypng.com/,61,4,keywords,general,
pdf-tools.com,https://www.pdf-tools.com/blog/,35,4,keywords,blog,
whatagraph.com,https://whatagraph.com/blog/articles/ai-seo-tools,46,4,keywords,blog,
smallpdf.com,https://smallpdf.com/merge-pdf,83,4,keywords,general,
techradar.com,https://www.techradar.com/pro/ever-thought-i-like-my-pdf-editor-but-it-needs-more-ai-adobe-has-you-covered-with-a-string-of-new-updates-launching-for-acrobat,76,4,"keywords,competitors",general,
ryrob.com,https://www.ryrob.com/youtube-video-blog-post/,50,4,keywords,general,
forums.techsoup.org,https://forums.techsoup.org/t/my-list-of-the-best-free-seo-tools-for-optimizing-your-nonprofit-website-and-boosting-your-search-rankings/3806,51,4,keywords,general,
iloveimg.com,https://www.iloveimg.com/compress-image,75,4,keywords,general,
drawboard.com,https://www.drawboard.com/tools/merge-pdfs,53,4,keywords,general,
devblogs.microsoft.com,https://devblogs.microsoft.com/,100,4,keywords,general,
pdfpro.com,https://pdfpro.com/merge-pdf,43,4,keywords,general,
squoosh.app,https://squoosh.app/,49,4,keywords,general,
tinyjpg.com,https://tinyjpg.com/,52,4,keywords,general,
sitepoint.com,https://www.sitepoint.com/community/t/seo-tools/14025,52,4,keywords,general,
fatstacksblog.com,https://fatstacksblog.com/best-blogging-tools/,31,4,keywords,general,
fbi.gov,https://www.fbi.gov/contact-us/field-offices/denver/news/fbi-denver-warns-of-online-file-converter-scam,80,4,keywords,news,
blog.google,https://blog.google/innovation-and-ai/technology/developers-tools/,87,4,keywords,blog,
forum.freecodecamp.org,https://forum.freecodecamp.org/t/recommended-guide-to-using-developer-tools-to-go-alongside-the-course/766851,71,4,keywords,forum,
developer.chrome.com,https://developer.chrome.com/docs/devtools,69,4,keywords,general,
techpowerup.com,https://www.techpowerup.com/forums/threads/pdf-editor-recommendation.323154/,69,4,keywords,forum,
compress-or-die.com,https://compress-or-die.com/,38,4,keywords,general,
forum.bubble.io,https://forum.bubble.io/t/compress-images-to-save-space/214998,57,4,keywords,forum,
img2go.com,https://www.img2go.com/compress-image,61,4,keywords,general,
forum.blocsapp.com,https://forum.blocsapp.com/t/reducing-file-size-for-pictures/25695,38,4,keywords,forum,
foxit.com,https://www.foxit.com/merge-pdf/,66,4,keywords,general,
sourceforge.net,https://sourceforge.net/p/mobac/forum/general/thread/ca6d83d165/,74,3,keywords,forum,
forum.squarespace.com,https://forum.squarespace.com/forum/43-seo/,41,3,keywords,forum,
tenforums.com,https://www.tenforums.com/software-apps/219716-any-free-software-merge-two-pdf-page-into-one.html,51,3,keywords,general,
forum.dbpoweramp.com,https://forum.dbpoweramp.com/forum/dbpoweramp/video-converter,38,3,keywords,forum,
forums.iobit.com,https://forums.iobit.com/topic/28239-which-method-of-combining-pdf-documents-is-most-effective/,61,3,keywords,general,
digitalfaq.com,https://www.digitalfaq.com/forum/video-web/,34,3,keywords,forum,
developers.googleblog.com,https://developers.googleblog.com/,61,3,keywords,general,
amplifypartners.com,https://amplifypartners.com/blog-posts/there-are-a-lot-of-developer-tools-out-there,31,3,keywords,general,
lumar.io,https://www.lumar.io/blog/industry-news/,41,3,keywords,blog,
ca.search.yahoo.com,https://ca.search.yahoo.com/mobile/s?ei=UTF-8&q=Jack%2BSchneider,100,3,competitors,general,
techbullion.com,https://techbullion.com/top-6-pdf-tools-you-need-in-2026/,42,3,keywords,general,
blogger.com,https://www.blogger.com/,74,3,keywords,general,
forums.plex.tv,https://forums.plex.tv/t/best-video-converter/586166,77,3,keywords,general,
thinkcomputers.org,https://thinkcomputers.org/10-best-video-converter-in-2025-safe-fast/,32,3,keywords,general,
ch.search.yahoo.com,https://ch.search.yahoo.com/mobile/s?ei=UTF-8&q=bank11,100,3,competitors,general,
daily.dev,https://daily.dev/,42,3,keywords,general,
techguy.org,https://www.techguy.org/threads/need-a-good-free-pdf-app-that-merges-multiple-files-into-one.1286783/,39,3,keywords,general,
forum.backdropcms.org,https://forum.backdropcms.org/forum/seo-tools,34,3,keywords,forum,
imgix.com,https://www.imgix.com/blog/12-image-compression-tips-for-peak-website-performance,42,3,keywords,blog,
forums.overclockers.co.uk,https://forums.overclockers.co.uk/threads/pdf-editor.18980582/,62,3,keywords,general,
prweb.com,https://www.prweb.com/releases/any-video-converter-v9-1-6-debuts-with-new-ai-image-and-video-generation-capabilities-302674093.html,41,3,keywords,general,
framebird.io,https://framebird.io/compressor/jpg,35,3,keywords,general,
ahrefs.com,https://ahrefs.com/free-seo-tools,72,3,"keywords,competitors",general,
ai.nero.com,https://ai.nero.com/image-compressor,49,3,keywords,general,
sdtimes.com,https://sdtimes.com/,41,3,keywords,general,
avs4you.com,https://www.avs4you.com/avs-free-video-converter.aspx,41,3,keywords,general,
apnews.com,https://apnews.com/,84,3,keywords,general,
community.spiceworks.com,https://community.spiceworks.com/t/free-pdf-merger-program/936936,65,3,keywords,general,
searchengineland.com,https://searchengineland.com/library/seo,59,3,"keywords,competitors",general,
pdf4me.com,https://pdf4me.com/blog/,39,3,keywords,blog,
seocrawl.com,https://seocrawl.com/en/blog/,32,3,keywords,blog,
freemake.com,https://www.freemake.com/free_video_converter_top/,67,3,keywords,general,
garagejournal.com,https://www.garagejournal.com/forum/threads/online-tool-shopping.369226/,43,3,keywords,forum,
pdfgear.com,https://www.pdfgear.com/online-tools/,63,3,keywords,general,
smallseotools.com,https://smallseotools.com/,73,3,keywords,general,
forum.videohelp.com,https://forum.videohelp.com/forums/11-Video-Conversion,51,3,keywords,forum,
camscanner.com,https://www.camscanner.com/merge-pdf,62,3,keywords,general,
typst.app,https://typst.app/tools/merge-pdf/,40,3,keywords,general,
handbrake.fr,https://handbrake.fr/,59,3,keywords,general,
forum.avs4you.com,https://forum.avs4you.com/posts.aspx?lng=ENG&t=7366,41,3,keywords,forum,
whereintheworldisnina.com,https://whereintheworldisnina.com/free-online-tools/,42,3,keywords,general,
oreateai.com,http://oreateai.com/blog/merging-pdf-files-for-free-a-simple-guide/e6a6fbbcc5376d2fcb90703d64adcc7d,52,3,keywords,blog,
pdf2go.com,https://www.pdf2go.com/merge-pdf,64,3,keywords,general,
forum.acdsee.com,https://forum.acdsee.com/forum/acdsee-video-converter-pro,44,3,keywords,forum,
forum.pdf-xchange.com,https://forum.pdf-xchange.com/viewforum.php?f=70,50,3,keywords,forum,
pdfill.com,https://www.pdfill.com/pdf_tools_free.html,36,3,keywords,general,
blogs.nvidia.com,https://blogs.nvidia.com/blog/rtx-ai-garage-ces-2026-open-models-video-generation/,86,3,keywords,blog,
searchenginejournal.com,https://www.searchenginejournal.com/,59,3,"keywords,competitors",general,
technologyadvice.com,https://technologyadvice.com/blog/marketing/best-seo-tools/,53,3,keywords,blog,
10015.io,https://10015.io/,39,3,keywords,general,
localsearchforum.com,https://localsearchforum.com/threads/favorite-tools-for-website-analysis-for-local-seo.61477/,36,3,keywords,general,
zapier.com,https://zapier.com/blog/best-seo-tools/,77,3,keywords,blog,
rankability.com,https://www.rankability.com/blog/best-seo-tools-for-agencies/,40,3,keywords,blog,
community.openai.com,https://community.openai.com/,97,3,keywords,general,
cloudconvert.com,https://cloudconvert.com/video-converter,74,3,keywords,general,
wordpress.com,https://wordpress.com/create-blog/,76,3,"keywords,competitors",blog,
yoast.com,https://yoast.com/,56,3,keywords,general,
forums.whirlpool.net.au,https://forums.whirlpool.net.au/archive/388l1yj5,49,3,keywords,general,
forums.developer.nvidia.com,https://forums.developer.nvidia.com/c/developer-tools/106,86,3,keywords,general,
medium.com,https://medium.com/@hazelparadise/my-top-free-blogging-platforms-in-2025-29421e053020,96,3,keywords,general,
onlinetools.com,https://onlinetools.com/,43,3,keywords,general,
productiveblogging.com,https://www.productiveblogging.com/best-blogging-tools/,36,3,keywords,general,
computerworld.com,https://www.computerworld.com/article/4124617/new-pdf-compression-filter-will-save-space-need-software-updates.html,53,3,keywords,general,
nerdbot.com,https://nerdbot.com/2026/01/29/seo-tools-built-for-ai-search-results-not-just-google-rankings/,43,3,keywords,general,
blackhatworld.com,https://www.blackhatworld.com/forums/black-hat-seo-tools.9/,45,3,keywords,forum,
blog.jetbrains.com,https://blog.jetbrains.com/,71,3,keywords,blog,
twit.community,https://www.twit.community/t/recommendations-on-free-cheap-forum-providers/14521,34,3,keywords,general,
help.pdf24.org,https://help.pdf24.org/en/forums/,79,3,keywords,forum,
video-converter.com,https://video-converter.com/,56,3,keywords,general,
forum.mxlinux.org,https://forum.mxlinux.org/viewtopic.php?t=73877,43,3,keywords,forum,
de.search.yahoo.com,https://de.search.yahoo.com/mobile/s?ei=UTF-8&q=Hans%2BWagner,100,3,competitors,general,
forum.playcanvas.com,https://forum.playcanvas.com/t/tools-some-handy-online-tools/16044,40,3,keywords,forum,
seroundtable.com,https://www.seroundtable.com/,50,3,keywords,general,
developer-tech.com,https://www.developer-tech.com/,39,3,keywords,general,
quantumzeitgeist.com,https://quantumzeitgeist.com/systems-models-compression-advances-intelligence-large-language/,39,3,keywords,general,
sitelike.org,https://www.sitelike.org/similar/sem.nl/,42,3,competitors,general,
bogleheads.org,https://www.bogleheads.org/forum/viewtopic.php?t=196509,52,3,keywords,forum,
proboards.com,https://www.proboards.com/,54,3,keywords,general,
pdfexpert.com,https://pdfexpert.com/blog,47,3,keywords,blog,
hemingwayapp.com,https://hemingwayapp.com/,56,3,keywords,general,
infoworld.com,https://www.infoworld.com/,49,3,keywords,general,
forums.tomshardware.com,https://forums.tomshardware.com/threads/is-there-a-decent-free-video-coverter.3810280/,72,3,keywords,general,
oulu.fi,https://www.oulu.fi/en/news/more-efficient-and-flexible-image-compression,49,3,keywords,news,
ask.libreoffice.org,https://ask.libreoffice.org/t/combine-multiple-pdfs-to-single-pdf/31893,69,3,keywords,general,
mybb.com,https://mybb.com/,40,3,keywords,general,
jotform.com,https://www.jotform.com/pdf/merge/,71,3,keywords,general,
developer.apple.com,https://developer.apple.com/forums/,100,3,keywords,forum,
infoq.com,https://www.infoq.com/,49,3,keywords,general,
seopress.org,https://www.seopress.org/newsroom/seo-news/,34,3,keywords,general,
community.glowforge.com,https://community.glowforge.com/t/best-free-online-programs/137830,47,3,keywords,general,
developer.mozilla.org,https://developer.mozilla.org/en-US/docs/Learn_web_development/Howto/Tools_and_setup/What_are_browser_developer_tools,92,3,keywords,general,
finance.yahoo.com,https://finance.yahoo.com/news/cisdem-upgrades-video-converter-ai-191000277.html,100,3,keywords,news,
heavybit.com,https://www.heavybit.com/devtoolsdigest,31,3,keywords,general,
news.adobe.com,https://news.adobe.com/news/2026/01/adobe-acrobat-studio-transforms,100,3,keywords,news,
forum.wixstudio.com,https://forum.wixstudio.com/t/mobile-view-image-compression/65765,30,3,keywords,forum,
bandicam.com,https://www.bandicam.com/blog/best-batch-video-converters/,61,3,keywords,blog,
microsoft.com,https://www.microsoft.com/en-us/download/developer-tools,100,3,keywords,general,
forum.obsidian.md,https://forum.obsidian.md/t/image-compression/72709,59,3,keywords,forum,
semrush.com,https://www.semrush.com/seo/,87,3,"keywords,competitors",general,
teacheracademy.eu,https://www.teacheracademy.eu/blog/online-discussion-tools/,40,3,keywords,blog,
elevenforum.com,https://www.elevenforum.com/t/any-free-pdf-editors-out-there.43153/page-4,50,3,keywords,general,
thenewstack.io,https://thenewstack.io/,48,3,keywords,general,
pdf.co,https://pdf.co/resources/blog,40,3,keywords,blog,
pipefile.com,https://pipefile.com/tools/pdf-merger,30,3,keywords,general,
pinetools.com,https://pinetools.com/,66,3,keywords,general,
compressjpeg.com,https://compressjpeg.com/,58,3,keywords,general,
forum.sumatrapdfreader.org,https://forum.sumatrapdfreader.org/,47,3,keywords,forum,
apps.apple.com,https://apps.apple.com/us/app/the-video-converter/id893347665,100,3,keywords,general,
graphicdesignforum.com,https://www.graphicdesignforum.com/t/image-compression-technique-beyond-online-solution/29019,34,3,keywords,general,
newsinitiative.withgoogle.com,https://newsinitiative.withgoogle.com/resources/trainings/news-tools/,58,3,keywords,general,
feedly.com,https://feedly.com/,48,3,keywords,general,
ocnjdaily.com,https://ocnjdaily.com/news/2026/jan/29/from-file-conversion-to-visual-creativity-how-to-convert-mov-to-mp4-and-use-free-stock-videos-effectively/,47,3,keywords,news,
popcar.bearblog.dev,https://popcar.bearblog.dev/file-compression-is-awesome/,36,3,keywords,general,
plumsail.com,https://plumsail.com/blog/best-api-for-merge-pdf/,36,3,keywords,blog,
blog.pdf-tools.com,https://blog.pdf-tools.com/,35,3,keywords,blog,
geekzone.co.nz,https://www.geekzone.co.nz/forums.asp?forumid=45&topicid=309187,43,3,keywords,general,
tinify.com,https://tinify.com/web/compress,36,3,keywords,general,
zamzar.com,https://www.zamzar.com/,63,3,keywords,general,
wideo.co,https://wideo.co/blog-to-video/,41,3,keywords,general,
lowfruits.io,https://lowfruits.io/blog/blog-seo-tools/,31,3,keywords,blog,
morningscore.io,https://morningscore.io/best-seo-tools/,38,3,keywords,general,
kapwing.com,https://www.kapwing.com/ai/article-to-video,72,3,keywords,general,
reuters.com,https://www.reuters.com/,92,3,keywords,general,
compress2go.com,https://www.compress2go.com/compress-image,54,3,keywords,general,
online.visual-paradigm.com,https://online.visual-paradigm.com/online-pdf-editor/merge-pdf/,59,3,keywords,general,
invideo.io,https://invideo.io/make/ai-blog-to-video/,66,3,keywords,general,
fr.search.yahoo.com,https://fr.search.yahoo.com/mobile/s?_intl=fr&_lang=fr&ei=UTF-8&p=Aina,100,3,competitors,general,
forums.ilounge.com,https://forums.ilounge.com/threads/video-converter.219322/,41,3,keywords,general,
online-convert.com,https://www.online-convert.com/image-compressor,68,2,keywords,general,
neuromentor.medium.com,https://neuromentor.medium.com/from-keywords-to-conversions-a-comprehensive-guide-to-seo-keyword-research-66e8e2a95d75,96,2,competitors,general,
nasikhunamin.medium.com,https://nasikhunamin.medium.com/langkah-langkah-melakukan-keyword-research-dalam-seo-efbf98cf203a,96,2,competitors,general,
nihongo1000.xsrv.jp,https://nihongo1000.xsrv.jp/,68,2,competitors,general,
ab-cheeseman.medium.com,https://ab-cheeseman.medium.com/seo-checklist-for-bloggers-617428d6f86c,96,2,competitors,general,
open.vanillaforums.com,https://open.vanillaforums.com/discussion/37605/compress-uploaded-images-in-vanilla-forum,30,2,keywords,general,
sixt.de,https://www.sixt.de/ride/herausforderndste-staedte-verkehr/,65,2,competitors,general,
conversion.com.br,https://www.conversion.com.br/blog/o-que-e-seo/,43,2,competitors,blog,
bu.edu,https://www.bu.edu/prsocial/best-practices/search-engine-optimization-seo-best-practices/,72,2,competitors,general,
aydarling.medium.com,https://aydarling.medium.com/how-to-create-your-own-podcast-with-ai-for-beginners-step-by-step-618afbbac8cc,96,2,competitors,general,
photofocus.com,https://photofocus.com/video/choosing-effective-keywords-for-your-content/,35,2,competitors,general,
sorabg.medium.com,https://sorabg.medium.com/no-laughing-matter-memes-are-serious-business-d01ddcfb2ea1,96,2,competitors,general,
ranking.works,https://ranking.works/knowledge/%E9%97%9C%E9%8D%B5%E5%AD%97%E8%A6%8F%E5%8A%83%E5%B7%A5%E5%85%B7/,31,2,competitors,general,
th.wikipedia.org,https://th.wikipedia.org/wiki/%E0%B8%81%E0%B8%B9%E0%B9%80%E0%B8%81%E0%B8%B4%E0%B8%A5_%E0%B9%80%E0%B8%97%E0%B8%A3%E0%B8%99%E0%B8%94%E0%B8%AA%E0%B9%8C,100,2,competitors,wiki,
agence.pagesjaunes.fr,https://agence.pagesjaunes.fr/ressources/articles/annonces-adwords-booster-business,84,2,competitors,general,
handysends2019.medium.com,https://handysends2019.medium.com/keyword-research-for-seo-how-to-find-analyze-and-use-c62d662cbb2d,96,2,competitors,general,
id.wikihow.com,https://id.wikihow.com/Memulai-Blog,89,2,competitors,general,
seoforum.com,https://seoforum.com/thread/which-seo-tools-and-why,25,2,keywords,general,
venda.amazon.com.br,https://venda.amazon.com.br/sellerblog/6-dicas-iniciais-para-criar-uma-loja-virtual-de-sucesso,94,2,competitors,general,
stefanjudis.com,https://www.stefanjudis.com/blog/web-weekly-58/,31,2,competitors,blog,
gaurav-sharma11.medium.com,https://gaurav-sharma11.medium.com/16-best-hashtag-generator-tools-you-should-consider-using-in-2022-593032a76407,96,2,competitors,general,
turkhackteam.org,https://www.turkhackteam.org/konular/front-end-alaninda-isinize-yarayabilecek-siteler.2061962/,39,2,competitors,general,
bloggerspassion.com,https://bloggerspassion.com/how-to-do-keyword-research-like-a-pro/,36,2,competitors,general,
shakilxo.medium.com,https://shakilxo.medium.com/with-these-free-keyword-research-tools-keyword-research-and-product-research-are-now-much-easier-37bd413d9bfe,96,2,competitors,general,
uolhost.uol.com.br,https://uolhost.uol.com.br/blog/seo-como-aplicar/,98,2,competitors,blog,
webfx.com,https://www.webfx.com/blog/marketing/google-ppc-ads/,56,2,competitors,blog,
lesbases.anct.gouv.fr,https://lesbases.anct.gouv.fr/ressources/meilleurs-annuaires-de-startups,46,2,competitors,general,
forum.tracker-software.com,https://forum.tracker-software.com/viewforum.php?f=50%3E,19,2,keywords,forum,
ec2-52-32-128-129.us-west-2.compute.amazonaws.com,https://ec2-52-32-128-129.us-west-2.compute.amazonaws.com/shop/seasonal-sale/winter-bedding/winter-bed-blanket-warm/,73,2,competitors,general,
webpouya.com,https://www.webpouya.com/blog/simple-seo-tip-in-2021,21,2,competitors,blog,
webdesignerforum.co.uk,https://www.webdesignerforum.co.uk/topic/84804-best-way-to-compress-an-image-for-free/,24,2,keywords,general,
railsware.com,https://railsware.com/blog/product-value/,37,2,competitors,blog,
mollyarchive.substack.com,https://mollyarchive.substack.com/p/ux-note-day-03-design-resources-from,84,2,competitors,general,
petapixel.com,https://petapixel.com/2017/07/05/5-seo-pro-tips-photo-website/,57,2,competitors,general,
pressidium.com,https://pressidium.com/blog/7-top-free-online-image-compression-tools-for-websites/,40,2,keywords,blog,
nocodeexits.substack.com,https://nocodeexits.substack.com/p/36-the-v1-of-marketplace-for-newsletters,84,2,competitors,general,
blog.mostaql.com,https://blog.mostaql.com/your-seo-guide-no-more-secrets/,47,2,competitors,blog,
al-kanz.ahlamontada.com,https://al-kanz.ahlamontada.com/t287-topic,40,2,competitors,general,
bloggingwizard.com,https://bloggingwizard.com/keyword-research-tools/,44,2,competitors,general,
maekersuite.com,https://maekersuite.com/tools/blog-post-to-video,27,2,keywords,general,
ec2-3-222-46-5.compute-1.amazonaws.com,https://ec2-3-222-46-5.compute-1.amazonaws.com/marketing-de-conteudo/palavras-chave/,73,2,competitors,general,
chfr.search.yahoo.com,https://chfr.search.yahoo.com/mobile/sapp?age=1m&appid=Dgm75h6o&ei=UTF-8&p=Indian%2BTrail%2BHigh%2BSchool%2Band%2BAcademy,100,2,competitors,general,
theelearningcoach.com,https://theelearningcoach.com/reviews/newsletters-outside-of-l-and-d/,38,2,competitors,review,
proglib.io,https://proglib.io/p/8-luchshih-kollekciy-resursov-dlya-frontenderov-2024-12-20,36,2,competitors,general,
agency-abo.medium.com,https://agency-abo.medium.com/%D1%8F%D0%BA-%D0%BC%D0%B8-%D0%B2%D0%B5%D0%BB%D0%B8-youtube-%D0%BD%D0%B5%D0%BF%D1%80%D0%B0%D0%B2%D0%B8%D0%BB%D1%8C%D0%BD%D0%BE-%D1%96-%D0%BC%D0%B0%D0%B9%D0%B6%D0%B5-%D0%B2%D1%81%D0%B5-%D0%B2%D0%B8%D0%BF%D1%80%D0%B0%D0%B2%D0%B8%D0%BB%D0%B8-%D0%B4%D0%BE%D1%81%D0%B2%D1%96%D0%B4-%D0%BE%D0%BD%D0%BB%D0%B0%D0%B9%D0%BD-%D0%B6%D1%83%D1%80%D0%BD%D0%B0%D0%BB%D1%83-%D1%81%D0%B2%D0%BE%D1%97-%D1%81ity-68e4727d4a1b,96,2,competitors,general,
scriptme.io,https://scriptme.io/search-engine-marketing-tools/,36,2,competitors,general,
tugcedrm.medium.com,https://tugcedrm.medium.com/black-friday-d%C3%B6nemi-sat%C4%B1%C5%9Flar%C4%B1n%C4%B1z%C4%B1-art%C4%B1rmak-i%C3%A7in-38-%C3%B6neri-b861c461f373,96,2,competitors,general,
wevideo.com,https://www.wevideo.com/blog/for-work/getting-paid-to-play-6-steps-to-becoming-a-youtube-gamer,56,2,competitors,blog,
oberlo.com,https://www.oberlo.com/blog/how-to-make-money-online,49,2,competitors,blog,
huffpost.com,https://www.huffpost.com/entry/4-ways-to-get-more-out-of_b_6217014,75,2,competitors,general,
buildbytes.substack.com,https://buildbytes.substack.com/p/how-to-prepare-for-a-side-project,84,2,competitors,general,
viblo.asia,https://viblo.asia/p/10-website-mien-phi-ma-cac-lap-trinh-vien-nen-biet-trong-nam-2025-38X4EQ314N2,43,2,competitors,general,
vpnoverview.com,https://vpnoverview.com/privacy/apps/most-deleted-apps-in-united-states/,62,2,competitors,general,
tenchat.ru,https://tenchat.ru/temur,48,2,competitors,general,
adg.csdn.net,https://adg.csdn.net/694cf1a05b9f5f31781a989f.html,63,2,competitors,general,
honosbyomixam.substack.com,https://honosbyomixam.substack.com/p/honos-147-de-como-un-filosofo-y-un,84,2,competitors,general,
careerkarma.com,https://careerkarma.com/blog/product-design/,49,2,competitors,blog,
ar.wikihow.com,https://ar.wikihow.com/%D8%A5%D9%86%D8%B4%D8%A7%D8%A1-%D9%85%D8%AF%D9%88%D9%86%D8%A9,89,2,competitors,general,
jguallar.substack.com,https://jguallar.substack.com/p/content-curators-61-ranking-de-medios,84,2,competitors,general,
videotoblog.ai,https://videotoblog.ai/,26,2,keywords,general,
writtenwordmedia.com,https://www.writtenwordmedia.com/how-to-sell-more-books-with-amazon-ads-for-authors/,37,2,competitors,general,
hu.wikipedia.org,https://hu.wikipedia.org/wiki/Wikip%C3%A9dia-vita:%C3%81zsia-h%C3%B3nap_2019,100,2,competitors,wiki,
shotkit.com,https://shotkit.com/start-vlog/,52,2,competitors,general,
tribu.substack.com,https://tribu.substack.com/p/tribu-visual-thinking-n36,84,2,competitors,general,
nucamp.co,https://www.nucamp.co/blog/vibe-coding-in-2026-beginner-projects-you-can-build-and-monetize,38,2,competitors,blog,
media.contented.ru,https://media.contented.ru/vdohnovenie/kofebrejk/sayty-dlya-vdohnoveniya-kotorye-budut-polezny-dizayneram/,43,2,competitors,general,
shsbt.gitbook.io,https://shsbt.gitbook.io/hack-the-web/conclusion/keep-on-learning,53,2,competitors,general,
educba.com,https://www.educba.com/seo-tools/,51,2,competitors,general,
luizvalerio.medium.com,https://luizvalerio.medium.com/what-i-have-learned-about-increasing-traffic-on-your-youtube-channel-2f97f7d53bd,96,2,competitors,general,
searchenginepeople.com,https://www.searchenginepeople.com/blog/voice-seo-guide-ecommerce-sites.html,40,2,competitors,blog,
undutchables.nl,https://undutchables.nl/about-us/blog/ai-career-coach-optimizing-your-online-professional-presence,35,2,competitors,blog,
denisburani.substack.com,https://denisburani.substack.com/p/link-dalla-batcaverna-5,82,2,competitors,general,
freepdfconvert.com,https://www.freepdfconvert.com/merge-pdf,64,2,keywords,general,
nealschaffer.com,https://nealschaffer.com/keyword-research-tool/,46,2,competitors,general,
martechseries.com,https://martechseries.com/video/any-video-converter-v9-1-6-debuts-with-new-ai-image-and-video-generation-capabilities/,30,2,keywords,general,
topdog.nu,https://topdog.nu/seo/,31,2,competitors,general,
awwwards.com,https://www.awwwards.com/inspiration/nova,60,2,competitors,general,
manypixels.co,https://www.manypixels.co/blog/illustrations/open-source-illustrations,44,2,competitors,blog,
reassured.co.uk,https://www.reassured.co.uk/top-20-most-popular-songs-to-give-birth-to/,39,2,competitors,general,
blog.powr.io,https://blog.powr.io/local-seo-for-small-businesses-a-complete-beginners-guide,37,2,competitors,blog,
vn.search.yahoo.com,https://vn.search.yahoo.com/mobile/s?b=15&ei=UTF-8&fr2=showall&pz=7&q=website%2Bdesign%2Bideas&xargs=0,100,2,competitors,general,
explodingtopics.com,https://explodingtopics.com/tools/google-rank-checker,53,2,competitors,general,
frankchiu.io,https://frankchiu.io/seo-keyword-research-1/,34,2,competitors,general,
prototypr.io,https://prototypr.io/post/ai-powered-design-plugins,44,2,competitors,general,
ipinayo.medium.com,https://ipinayo.medium.com/content-strategy-76cbe711e6e5,96,2,competitors,general,
crowdreviews.com,https://www.crowdreviews.com/blog/seo-content-optimization-beginners-guide-developing-content-strategy-works/,33,2,competitors,blog,
pt.wikipedia.org,https://pt.wikipedia.org/wiki/Palavra-chave,100,2,competitors,wiki,
sproutsocial.com,https://sproutsocial.com/insights/how-to-promote-your-youtube-channel/,66,2,competitors,general,
co.search.yahoo.com,https://co.search.yahoo.com/mobile/s?age=1d&ei=UTF-8&p=Ken%2BKesey,100,2,competitors,general,
mypaper.pchome.com.tw,https://mypaper.pchome.com.tw/f88tw/P1,76,2,competitors,general,
resources.workable.com,https://resources.workable.com/tutorial/seo-job-descriptions,60,2,competitors,general,
octet.design,https://octet.design/journal/wireframing-guide/,40,2,competitors,general,
aranzulla.it,https://www.aranzulla.it/come-fare-marketing-online-1157884.html,66,2,competitors,general,
emre-turker.medium.com,https://emre-turker.medium.com/makale-yaz%C4%B1m-rehberi-e052db09ae33,96,2,competitors,general,
thecitysidewalks.com,https://www.thecitysidewalks.com/blog/free-blogging-tools,28,2,keywords,blog,
filmora.wondershare.com,https://filmora.wondershare.com/vlogger/youtube-keyword-tools.html,74,2,competitors,general,
wikihow.it,https://www.wikihow.it/Avere-pi%C3%B9-Successo-su-YouTube,44,2,competitors,general,
es.search.yahoo.com,https://es.search.yahoo.com/mobile/s?ei=UTF-8&p=Human%2BClay&xargs=0,100,2,competitors,general,
dynamicbusiness.com,https://dynamicbusiness.com/featured/content-strategy-marketing-plan-4-best-practices-for-creating-content-that-your-audience-will-read.html,36,2,competitors,general,
th.wikihow.com,https://th.wikihow.com/%E0%B9%80%E0%B8%A3%E0%B8%B4%E0%B9%88%E0%B8%A1%E0%B8%95%E0%B9%89%E0%B8%99%E0%B9%80%E0%B8%82%E0%B8%B5%E0%B8%A2%E0%B8%99%E0%B8%9A%E0%B8%A5%E0%B9%8A%E0%B8%AD%E0%B8%81,89,2,competitors,general,
in.search.yahoo.com,https://in.search.yahoo.com/mobile/s?_tsrc=apple&ei=UTF-8&first=1&p=Woodford%2BGreen%2Bweather,100,2,competitors,general,
ru.wikipedia.org,https://ru.wikipedia.org/wiki/Google_Suggest,100,2,competitors,wiki,
blog.hootsuite.com,https://blog.hootsuite.com/tiktok-tools/,67,2,competitors,blog,
dk.search.yahoo.com,https://dk.search.yahoo.com/mobile/s?b=71&ei=UTF-8&pz=7&q=Shania%2BTwain&xargs=0,100,2,competitors,general,
orbitmedia.com,https://www.orbitmedia.com/blog/how-to-research-keywords-tips/,48,2,competitors,blog,
link.uisdc.com,https://link.uisdc.com/?redirect=https%3A%2F%2Fwww.toools.design%2F,37,2,competitors,general,
ads.shopee.vn,https://ads.shopee.vn/news/1346,85,2,competitors,news,
note.com,https://note.com/yugonakashima/n/nb6b547885fd9,95,2,competitors,general,
andrewleemiller.medium.com,https://andrewleemiller.medium.com/5-free-must-have-free-marketing-tools-for-startups-cba1f4bba9bb,96,2,competitors,general,
az.search.yahoo.com,https://az.search.yahoo.com/mobile/s?510991&ei=UTF-8&q=site%3Aaayyy.com,100,2,competitors,general,
metricool.com,https://metricool.com/tiktok-hashtags/,60,2,competitors,general,
blog.didierstevens.com,https://blog.didierstevens.com/programs/pdf-tools/,28,2,keywords,blog,
wikihow.jp,https://www.wikihow.jp/%E3%83%96%E3%83%AD%E3%82%B0%E3%82%92%E3%81%AF%E3%81%98%E3%82%81%E3%82%8B,42,2,competitors,general,
printplanet.com,https://printplanet.com/threads/merge-pdf-online-free-no-limit.289875/,28,2,keywords,general,
deftpdf.com,https://deftpdf.com/blog,40,2,keywords,blog,
permate.com,https://permate.com/top-15-phan-mem-seo-mien-phi-hieu-qua-nhat-cho-nguoi-moi-bat-dau/,35,2,competitors,general,
cde.ca.gov,https://www.cde.ca.gov/fg/fo/r2/eetdg22rfafaqs.asp,97,2,competitors,general,
hosting.com.tr,https://www.hosting.com.tr/blog/seo-uyumlu-icerik/,41,2,competitors,blog,
canva.com,https://www.canva.com/ru_ru/obuchenie/kak-sozdat-kanal-na-youtube/,100,2,competitors,general,
arezvanov.medium.com,https://arezvanov.medium.com/what-to-do-on-twitter-if-you-are-just-starting-in-2020-d84b7cfe3737,96,2,competitors,general,
litcommerce.com,https://litcommerce.com/blog/best-amazon-keyword-research-tool/,43,2,competitors,blog,
thoughtfarmer.com,https://www.thoughtfarmer.com/get/webinar-recap-extreme-makeover-internal-comms-edition/,35,2,competitors,general,
digitalofficeathome.medium.com,https://digitalofficeathome.medium.com/most-effective-methods-for-identifying-keywords-for-video-written-content-e6976e6de88b,96,2,competitors,general,
omny.fm,https://omny.fm/shows/marketing-school-digital-marketing-and-online-mark/how-to-rank-higher-on-youtube-ep-335,52,2,competitors,general,
sellfy.com,https://sellfy.com/blog/best-youtube-content-types/,47,2,competitors,blog,
tapfiliate.com,https://tapfiliate.com/blog/how-to-find-key-influencers-to-promote-your-brand/,40,2,competitors,blog,
randomnebula.substack.com,https://randomnebula.substack.com/p/desorden-octarino,84,2,competitors,general,
indiegraf.com,https://indiegraf.com/blog/indie-publisher/free-content-creation-tools-journalism/,30,2,keywords,blog,
sr.wikipedia.org,https://sr.wikipedia.org/wiki/%D0%A5%D0%B0%D1%88%D1%82%D0%B0%D0%B3,100,2,competitors,wiki,
fr.semrush.com,https://fr.semrush.com/blog/outils-de-recherche-mots-cles/,87,2,competitors,blog,
99designs.com,https://99designs.com/blog/web-digital/ux-design-intention-interpretation/,62,2,competitors,blog,
rockcontent.com,https://rockcontent.com/br/blog/o-que-e-seo/,43,2,competitors,blog,
blog.pagseguro.uol.com.br,https://blog.pagseguro.uol.com.br/por-que-ter-um-blog/,98,2,competitors,blog,
be.search.yahoo.com,https://be.search.yahoo.com/mobile/s?248387&ei=UTF-8&q=site%3Aaayyy.com,100,2,competitors,general,
uxdesigninstitute.com,https://www.uxdesigninstitute.com/blog/become-a-better-ui-designer/,46,2,competitors,blog,
wordstream.com,https://www.wordstream.com/blog/ws/2013/09/18/best-keyword-research-tools,66,2,competitors,blog,
mona.media,https://mona.media/huong-dan-nghien-cuu-tu-khoa/,47,2,competitors,general,
quickbooks.intuit.com,https://quickbooks.intuit.com/ca/resources/marketing/a-guide-to-google-ads/,87,2,competitors,general,
sk.wikipedia.org,https://sk.wikipedia.org/wiki/Keyword_density,100,2,competitors,wiki,
webcatalog.io,https://webcatalog.io/en/apps/toools-design,58,2,competitors,general,
recursia.substack.com,https://recursia.substack.com/p/recursia-35-,84,2,competitors,general,
cs.wikipedia.org,https://cs.wikipedia.org/wiki/Anal%C3%BDza_kl%C3%AD%C4%8Dov%C3%BDch_slov,100,2,competitors,wiki,
m.okjike.com,https://m.okjike.com/originalPosts/64f3d1a2c70326f2eb32a8ef,33,2,competitors,general,
openeconomics.zbw.eu,https://openeconomics.zbw.eu/knowledgebase/quellen-fuer-bilder-unter-freier-lizenz/,37,2,competitors,general,
backlinko.com,https://backlinko.com/hub/seo/long-tail-keywords,61,2,competitors,general,
123-reg.co.uk,https://www.123-reg.co.uk/blog/search-engines/7-simple-yet-vital-seo-first-steps-for-new-website/,49,2,competitors,blog,
searchenginewatch.com,https://searchenginewatch.com/2018/05/03/keyword-research-in-2018-adapting-managing-and-maintaining-visibility-in-googles-increasingly-intuitive-serps/,39,2,competitors,general,
kulturbanause.de,https://kulturbanause.de/links-quellen/web-design-news-link-tipps-nr-14/,37,2,competitors,general,
followdaniella.medium.com,https://followdaniella.medium.com/how-to-pivot-your-positioning-in-times-of-upheaval-eaf75d85e24d,96,2,competitors,general,
forums.digitalpoint.com,https://forums.digitalpoint.com/threads/share-free-keyword-research-tools.2737664/,33,2,competitors,general,
themeisle.com,https://themeisle.com/blog/best-keyword-research-tools/,52,2,competitors,blog,
cl.search.yahoo.com,https://cl.search.yahoo.com/mobile/s?age=1m&ei=UTF-8&norw=1&p=Lynn%2BMeredith,100,2,competitors,general,
printful.com,https://www.printful.com/blog/how-to-start-an-etsy-shop-with-no-money,58,2,competitors,blog,
fi.search.yahoo.com,https://fi.search.yahoo.com/mobile/s?age=1w&ei=UTF-8&q=ed%2Bsheeran%2Bperfect%2Bchords,100,2,competitors,general,
helen-jackson.medium.com,https://helen-jackson.medium.com/why-you-should-both-with-a-content-marketing-strategy-f172bfd8c46,96,2,competitors,general,
glints.com,https://glints.com/id/lowongan/cara-riset-keyword/,69,2,competitors,general,
tools.seobook.com,http://tools.seobook.com/keyword-tools/,36,2,competitors,general,
narrato.io,https://narrato.io/blog/15-free-keyword-research-tools-to-boost-content-seo/,35,2,competitors,blog,
wikihow.com,https://www.wikihow.com/Start-a-Blog,89,2,competitors,general,
brittanyrosenau.medium.com,https://brittanyrosenau.medium.com/im-trying-the-30-day-chart-challenge-here-s-what-i-hope-to-get-out-of-it-46e56e8da4f6,96,2,competitors,general,
cuponation.com.au,https://www.cuponation.com.au/top-backpacking-destinations,35,2,competitors,general,
encode.su,https://encode.su/threads/3942-My-new-lossless-image-compressor,25,2,keywords,general,
skillbox.ru,https://skillbox.ru/media/marketing/kak_bystree_nabrat_pervuyu_tysyachu_podpischikov_na_youtube/,64,2,competitors,general,
agenciaseo.eu,https://agenciaseo.eu/keyword-research/,34,2,competitors,general,
page-online.de,https://page-online.de/tools-technik/designresearch_1219/,39,2,competitors,general,
v2ex.com,https://www.v2ex.com/t/848865,41,2,competitors,general,
euronews.com,https://www.euronews.com/culture/2024/08/02/loudly-crying-face-study-reveals-europes-most-endangered-emojis,82,2,competitors,general,
trafficthinktank.com,https://trafficthinktank.com/best-keyword-research-tools/,41,2,competitors,general,
groovehq.com,https://www.groovehq.com/blog/blog-post-ideas,41,2,competitors,blog,
wordable.io,https://wordable.io/content-creation-process/,42,2,competitors,general,
pdf.ai,https://pdf.ai/resources/askyourpdf,36,2,competitors,general,
forbes.com,https://www.forbes.com/sites/johnrampton/2015/07/15/the-startups-guide-to-doing-keyword-research-like-the-pros/,95,2,competitors,general,
community.shopify.com,https://community.shopify.com/t/google-ads-keywords/415634,88,2,competitors,general,
webreactiva.substack.com,https://webreactiva.substack.com/p/crea-una-lista-de-no-negociables,84,2,competitors,general,
m.blog.naver.com,https://m.blog.naver.com/tlogin/222354704678,95,2,competitors,general,
community.relume.io,https://community.relume.io/x/general/1s57kzwxyytq/top-sources-for-design-assets-and-illustrations,39,2,competitors,general,
k-andruszkow.medium.com,https://k-andruszkow.medium.com/business-site-how-to-make-it-effective-4e4bd6283f65,96,2,competitors,general,
iterateux.medium.com,https://iterateux.medium.com/the-ai-revolution-in-ux-design-5c4ea8f8e989,96,2,competitors,general,
practicalecommerce.com,https://www.practicalecommerce.com/free-tools-for-design-code-seo-ui-more,41,2,competitors,general,
blog.click.ru,https://blog.click.ru/management/30-instrumentov-dlya-zapuska-i-vedeniya-kontekstnoj-reklamy/,41,2,competitors,blog,
webflow.com,https://webflow.com/blog/inspiration-for-designers,65,2,competitors,blog,
olivier-godard.medium.com,https://olivier-godard.medium.com/seo-comment-te-former-734f480ed554,96,2,competitors,general,
aegeanocturnes.medium.com,https://aegeanocturnes.medium.com/semantik-seo-nedir-3ffc29114486,96,2,competitors,general,
cnbc.com,https://www.cnbc.com/2023/03/08/americans-want-to-delete-instagram-more-than-any-other-app-report.html,94,2,competitors,general,
au.search.yahoo.com,https://au.search.yahoo.com/mobile/s?ei=UTF-8&fl=1&norw=1&p=Oliver%2BHudson,100,2,competitors,general,
de.wikihow.com,https://de.wikihow.com/Einen-Blog-starten,89,2,competitors,general,
socialpilot.co,https://www.socialpilot.co/youtube-marketing/how-to-grow-youtube-channel,54,2,competitors,general,
fj.search.yahoo.com,https://fj.search.yahoo.com/mobile/s?072433&ei=UTF-8&q=site%3Aaayyy.com,100,2,competitors,general,
shenkar.ac.il,https://www.shenkar.ac.il/he/departments/%D7%A9%D7%99%D7%9C%D7%95%D7%91-%D7%98%D7%9B%D7%A0%D7%95%D7%9C%D7%95%D7%92%D7%99%D7%95%D7%AA-%D7%91%D7%94%D7%95%D7%A8%D7%90%D7%94/,36,2,competitors,general,
forum.level1techs.com,https://forum.level1techs.com/t/best-paid-video-converter/40029,45,2,keywords,forum,
fragroger.medium.com,https://fragroger.medium.com/was-google-mit-deinem-linkedin-profil-und-deiner-linkedin-seite-zu-tun-hat-e6ccc1ea582,96,2,competitors,general,
supporthost.com,https://supporthost.com/create-ecommerce-website/,41,2,competitors,general,
delve.ai,https://www.delve.ai/blog/competitor-keywords-top-tools,37,2,competitors,blog,
inscription.pagesjaunes.fr,https://inscription.pagesjaunes.fr/ressources/articles/annonces-adwords-booster-business,84,2,competitors,general,
mirror.co.uk,https://www.mirror.co.uk/news/health/gp-says-stay-home-amid-34090917,84,2,competitors,news,
grammarly.com,https://www.grammarly.com/blog/writing-tips/how-to-write-a-blog/,89,2,competitors,blog,
freeonlinetools.com,https://freeonlinetools.com/,24,2,keywords,general,
prtimes.jp,https://prtimes.jp/magazine/trend-research/,84,2,competitors,general,
decrypter.medium.com,https://decrypter.medium.com/seo-tips-how-to-rank-a-blog-in-top-search-results-dfef729c1477,96,2,competitors,general,
blog2social.com,https://www.blog2social.com/en/blog/the-anatomy-of-a-perfect-blog-post-infographic/,31,2,competitors,blog,
ahmetakdel.medium.com,https://ahmetakdel.medium.com/bir-i%C3%A7eri%C4%9Fin-hikayesi-707fa8cc7ee1,96,2,competitors,general,
lokale-suche.jimdofree.com,https://lokale-suche.jimdofree.com/,78,2,competitors,general,
pimpmytype.com,https://pimpmytype.com/font/fixel/,38,2,competitors,general,
vasiliynashiba.medium.com,https://vasiliynashiba.medium.com/%D0%BF%D0%BE%D0%BB%D0%B5%D0%B7%D0%BD%D1%8B%D0%B5-%D1%81%D1%81%D1%8B%D0%BB%D0%BA%D0%B8-%D0%B4%D0%BB%D1%8F-%D0%B0%D1%80%D0%B1%D0%B8%D1%82%D1%80%D0%B0%D0%B6%D0%BD%D0%B8%D0%BA%D0%B0-8f69811afb8d,96,2,competitors,general,
forum.openmandriva.org,https://forum.openmandriva.org/t/developer-tools-build-essential-equivalent/4831,34,2,keywords,forum,
a.pr-cy.ru,https://a.pr-cy.ru/flux-ai.io/,49,2,competitors,general,
ticketinghub.com,https://www.ticketinghub.com/blog/how-to-make-travel-videos-on-tiktok-tour-operators,35,2,competitors,blog,
wip.co,https://wip.co/@romainsimon?page=23,31,2,competitors,general,
thesocialjuice.kit.com,https://thesocialjuice.kit.com/posts/here-s-what-you-missed-instagram-removing-ads-to-elon-musk-s-twitter-thing-1,51,2,competitors,general,
vagasux.substack.com,https://vagasux.substack.com/p/vagasux-news-43-inicio-oficial-de,84,2,competitors,general,
penplusbytes.org,https://penplusbytes.org/6-free-digital-tools-for-journalists/,21,2,keywords,general,
kraken.io,https://kraken.io/,37,2,keywords,general,
noupe.com,https://www.noupe.com/magazine/design/graphic-design-your-ultimate-list-of-tools-and-resources.html,36,2,competitors,general,
the1ight.substack.com,https://the1ight.substack.com/p/toi-va-ai-02-lam-sao-e-giao-tiep,84,2,competitors,general,
blogduwebdesign.com,https://www.blogduwebdesign.com/blog/webdesign/resource-cards-selection-ressources-designers.html,33,2,competitors,blog,
sellercentral.amazon.es,https://sellercentral.amazon.es/seller-forums/discussions/t/a23825e2-c4e5-4637-8ffb-05390b8577b0,93,2,competitors,general,
guikingone.substack.com,https://guikingone.substack.com/p/veille-de-la-semaine-du-8-juillet,84,2,competitors,general,
tumblr.com,https://www.tumblr.com/seogroupbuytools,40,2,competitors,general,
saeedahmady77.medium.com,https://saeedahmady77.medium.com/the-best-digital-marketing-tools-in-2020-that-any-digital-marketer-must-know-fa5a4c97708d,96,2,competitors,general,
content-whale.com,https://content-whale.com/blog/top-free-seo-tools-for-beginners-2024/,37,2,competitors,blog,
josefacchin.com,https://josefacchin.com/herramientas-seo/,39,2,competitors,general,
collaborator.pro,https://collaborator.pro/tools/checklist-for-seo,35,2,competitors,general,
dev.ua,https://dev.ua/news/platformy-frontend-rozrobnykam-ta-dyzaineram,41,2,competitors,news,
bizx.chatwork.com,https://bizx.chatwork.com/seo/,63,2,competitors,general,
developer.att.com,https://developer.att.com/blog/definitive-guide-to-app-store-optimization-aso,85,2,competitors,blog,
cantodasereia.substack.com,https://cantodasereia.substack.com/p/criatividade-e-ia,84,2,competitors,general,
20i.com,https://www.20i.com/blog/inspiration-sites-web-designers/,39,2,competitors,blog,
ercanatay.medium.com,https://ercanatay.medium.com/seoda-anahtar-kelime-stratejisi-ve-yat%C4%B1r%C4%B1m-getirisi-roi-hakk%C4%B1nda-56cfaf571274,96,2,competitors,general,
business.linkedin.com,https://business.linkedin.com/fr-fr/talent-solutions/ressources/glossaire-rh/recrutement,100,2,competitors,general,
spoke.com,https://spoke.com/dispatch/blog/dependent-on-delivery,39,2,competitors,blog,
fr.wikihow.com,https://fr.wikihow.com/lancer-un-blog,89,2,competitors,general,
sspai.com,https://sspai.com/post/74994,42,2,competitors,general,
voicepen.ai,https://voicepen.ai/convert-video-to-blog-post,12,2,keywords,general,
zutobi.com,https://zutobi.com/us/driver-guides/the-most-tattooed-car-brands-and-models,50,2,competitors,general,
incrussia.ru,https://incrussia.ru/understand/stat-prodvinutym-kak-provesti-reklamnuyu-kampaniyu-v-internete-samostoyatelno/,44,2,competitors,general,
help.forumotion.com,https://help.forumotion.com/t160954-new-seo-tools-for-your-forum,48,2,keywords,general,
wikihow.vn,https://www.wikihow.vn/T%E1%BA%A1o-m%E1%BB%99t-Blog,43,2,competitors,general,
coda.io,https://coda.io/@anupama-panchal/publish-a-website,54,2,competitors,general,
soliddigital.com,https://www.soliddigital.com/blog/12-places-im-finding-inspiration-for-b2b-saas-website-design-right-now,31,2,competitors,blog,
councils.forbes.com,https://councils.forbes.com/blog/8-more-sources-for-great-article-ideas,95,2,competitors,blog,
wmaraci.com,https://wmaraci.com/forum/wordpress-tema-eklenti-alisverisi/sitekurx-linsans-sirketi-100-orjinal-wordpress-tema-ve-eklenti-en-ucuz-guvenilir-695896.html,36,2,competitors,forum,
libraries.io,https://libraries.io/npm/@klarr-agency%2Fcircum-icons-vue,40,2,competitors,general,
smartinsights.com,https://www.smartinsights.com/marketplace-analysis/customer-analysis/8-free-online-marketing-tools-that-every-hands-on-marketer-should-use/,53,2,competitors,general,
e2msolutions.com,https://www.e2msolutions.com/blog/best-alternatives-to-the-google-adwords-keyword-tool/,34,2,competitors,blog,
funnelguy.medium.com,https://funnelguy.medium.com/5-steps-for-successful-affiliate-marketing-for-beginners-ec6c0a8fbf2a,96,2,competitors,general,
yann-andre.medium.com,https://yann-andre.medium.com/10-trucs-%C3%A0-connaitre-pour-r%C3%A9f%C3%A9rencer-son-site-sur-google-4c7b2b242595,96,2,competitors,general,
websitesetup.org,https://websitesetup.org/choose-domain-name/,36,2,competitors,general,
ayomaid08.medium.com,https://ayomaid08.medium.com/submit-your-ai-tool-best-ai-directories-ranked-by-domain-rating-0a48d477814e,96,2,competitors,general,
podme.com,https://podme.com/no/episode/6226456/,41,2,competitors,general,
rockdrool.medium.com,https://rockdrool.medium.com/write-a-blog-post-that-converts-133fd761bbd6,96,2,competitors,general,
dayonecreators.substack.com,https://dayonecreators.substack.com/p/write-share-create,84,2,competitors,general,
influencermarketinghub.com,https://influencermarketinghub.com/youtube-seo-tools/,58,2,competitors,general,
shutterstock.com,https://www.shutterstock.com/blog/maximize-seo-photo-website-front-center,100,2,competitors,blog,
marmitex.substack.com,https://marmitex.substack.com/p/marmitex-97,84,2,competitors,general,
netology.ru,https://netology.ru/blog/05-2021-youtube-seo,52,2,competitors,blog,
es.wikihow.com,https://es.wikihow.com/volverte-m%C3%A1s-exitoso-en-YouTube,89,2,competitors,general,
blog.promopult.ru,https://blog.promopult.ru/seo/statistika-zaprosov-yandeks-i-google.html,39,2,competitors,blog,
saladeherramientas.substack.com,https://saladeherramientas.substack.com/p/94-malditas-reuniones,84,2,competitors,general,
weshop.ai,https://www.weshop.ai/blog/new-ai-feature-for-designers-artists-text-to-image-image-to-image/,35,2,competitors,blog,
sellerlogic.com,https://www.sellerlogic.com/en/blog/tools-for-amazon-fba/,32,2,competitors,blog,
noahaskienazy.substack.com,https://noahaskienazy.substack.com/p/creative-blocks-fix-27,84,2,competitors,general,
gihyo.jp,https://gihyo.jp/design/clip/01/weekly-web-tech/202202/24,39,2,competitors,general,
pt.semrush.com,https://pt.semrush.com/blog/ferramentas-pesquisa-palavras-chave/,87,2,competitors,blog,
reliablesoft.net,https://www.reliablesoft.net/best-keyword-research-tools/,43,2,competitors,general,
ru.wikihow.com,https://ru.wikihow.com/%D1%81%D1%82%D0%B0%D1%82%D1%8C-%D1%83%D1%81%D0%BF%D0%B5%D1%88%D0%BD%D1%8B%D0%BC-%D0%BD%D0%B0-YouTube,89,2,competitors,general,
printify.com,https://printify.com/blog/how-to-sell-on-shopify/,66,2,competitors,blog,
weeklysurf.substack.com,https://weeklysurf.substack.com/p/surf-report-lessons-from-the-late-bc5,84,2,competitors,general,
ru.search.yahoo.com,https://ru.search.yahoo.com/mobile/s?ei=UTF-8&fr2=p%3As%2Cv%3Aw%2Cm%3Aat-e%2Cct%3Agossip&q=mary%2Bpage%2Bmarlow%2Bplay%2Bread&xargs=0,100,2,competitors,general,
chargedevs.com,https://chargedevs.com/newswire/can-an-ev-go-through-a-car-wash-common-google-searches-reveal-the-level-of-cluelessness-about-evs/,36,2,competitors,general,
comparethemarket.com.au,https://www.comparethemarket.com.au/car-insurance/features/most-stressful-countries-to-drive-in/,59,2,competitors,general,
masoninthesis.medium.com,https://masoninthesis.medium.com/21-youtube-video-ideas-for-beginners-b835412370a8,96,2,competitors,general,
hurree.medium.com,https://hurree.medium.com/the-top-7-app-store-optimization-tools-you-should-be-using-f290c79037a7,96,2,competitors,general,
outgrowco.medium.com,https://outgrowco.medium.com/17-must-have-content-marketing-tools-in-2022-f1514b1b55f8,96,2,competitors,general,
homemadetools.net,https://www.homemadetools.net/forum/,30,2,keywords,forum,
communities.gainsight.com,https://communities.gainsight.com/customer-communities-cc-17/does-anyone-have-images-thumbnail-images-for-widgets-article-feature-images-available-for-wider-use-21116,46,2,competitors,general,
cossa.ru,https://www.cossa.ru/152/97144/,42,2,competitors,general,
graffica.info,https://graffica.info/toools-design-una-web-para-descargar-todo-tipo-de-recursos-graficos/,41,2,competitors,general,
vender.amazon.com.mx,https://vender.amazon.com.mx/sellerblog/consejos-para-mejorar-tu-margen-de-ventas-en-amazon,92,2,competitors,general,
list.ly,https://list.ly/list/B7ox-the-best-ai-directories-to-find-the-best-tools-10x-faster,37,2,competitors,general,
boutique.pagesjaunes.fr,https://boutique.pagesjaunes.fr/ressources/articles/annonces-adwords-booster-business,84,2,competitors,general,
k8cutv01.it.ntnu.no,https://k8cutv01.it.ntnu.no/alejandracaesa/casino-site-5841/wiki/Discover+the+Trustworthy+Onca888+Community+for+Online+Betting+Scam+Verification,54,2,competitors,wiki,
zh-min-nan.wikipedia.org,https://zh-min-nan.wikipedia.org/wiki/J%C4%AB-s%C3%B2%CD%98,100,2,competitors,wiki,
productinboxnewsletter.substack.com,https://productinboxnewsletter.substack.com/p/product-inbox-40-plus-de-20k-ressources,84,2,competitors,general,
monetizationnation.medium.com,https://monetizationnation.medium.com/85-how-to-find-great-domain-names-c4bbdba50366,96,2,competitors,general,
vintasoftware.com,https://www.vintasoftware.com/lessons-learned/a-great-repository-of-design-tools-and-resources,26,1,competitors,general,
deborahzolb463738.bluxeblog.com,https://deborahzolb463738.bluxeblog.com/66040462/top-10-seo-tools-for-bing,21,1,competitors,general,
founderjar.com,https://www.founderjar.com/make-money-online/,40,1,competitors,general,
depannageinformatique.org,https://depannageinformatique.org/creer-une-page-google-my-business/,19,1,competitors,general,
sveltethemes.dev,https://sveltethemes.dev/Klarr-Agency/Circum-Icons,20,1,competitors,general,
lilianbies456301.digitollblog.com,https://lilianbies456301.digitollblog.com/34149104/top-10-seo-tools-for-bing,23,1,competitors,general,
websitepr.eu,https://websitepr.eu/kakvo-e-seo/,19,1,competitors,general,
fiona-livingston.medium.com,https://fiona-livingston.medium.com/my-digital-marketing-tool-kit-b9e300ea444c,96,1,competitors,general,
search.luhui.net,https://search.luhui.net/search?Category=web&q=site%3A.cn,23,1,competitors,general,
thesketcheffect.com,https://thesketcheffect.com/2025/06/02/presentation-design/,28,1,competitors,general,
buffer.com,https://buffer.com/resources/best-free-seo-tools/,66,1,competitors,general,
gofiber.vn,https://gofiber.vn/10-cong-cu-nghien-cuu-tu-khoa-toi-uu-seo,24,1,competitors,general,
anicca.co.uk,https://anicca.co.uk/blog/top-10-free-ppc-tools-for-your-google-ads-account/,30,1,competitors,blog,
nef.vn,https://nef.vn/nghien-cuu-tu-khoa/,11,1,competitors,general,
newsletter.cuarzo.dev,https://newsletter.cuarzo.dev/p/dashboard-de-graficos-en-segundos,21,1,competitors,general,
open-ideas.es,https://www.open-ideas.es/encontrar-palabras-clave-keywords-negocio/,20,1,competitors,general,
ceyisestudios.com,https://ceyisestudios.com/eco-friendly-home-decor/,15,1,competitors,general,
notasdeprensa.es,http://www.notasdeprensa.es/1207089/5-consejos-infalibles-para-mejorar-el-seo-de,21,1,competitors,general,
estellequzk633701.blogoscience.com,https://estellequzk633701.blogoscience.com/40268115/top-10-seo-tools-for-bing,23,1,competitors,general,
goodreads.com,https://www.goodreads.com/author/show/3159313.Derek_Haines/blog,92,1,competitors,blog,
nevehywz686435.newbigblog.com,https://nevehywz686435.newbigblog.com/40181804/top-10-seo-tools-for-bing,24,1,competitors,general,
websitevice.com,https://websitevice.com/examples-4,20,1,competitors,general,
hickmandesign.co.uk,https://hickmandesign.co.uk/blog/tips/the-ultimate-guide-to-tools-and-tips-for-freelance-designers/,30,1,competitors,blog,
seothetop.com,https://seothetop.com/digital-marketing/cach-kiem-tien-online-157075.html,25,1,competitors,general,
janaxbnt255580.aboutyoublog.com,https://janaxbnt255580.aboutyoublog.com/37941190/top-10-seo-tools-for-bing,18,1,competitors,general,
clickminded.com,https://www.clickminded.com/seo-checklist/,40,1,competitors,general,
clockworkwd.com,https://clockworkwd.com/11-simple-web-design-tips-that-actually-help/,25,1,competitors,general,
sinja.io,https://sinja.io/blog/web-typography-quick-guide,13,1,competitors,blog,
capsicummediaworks.com,https://capsicummediaworks.com/content-length/,35,1,competitors,general,
bibsonomy.org,https://www.bibsonomy.org/tag/dtp,43,1,competitors,general,
negrel.dev,https://www.negrel.dev/blog/building-an-online-image-compressor/,6,1,keywords,blog,
seokarinieminen.com,https://seokarinieminen.com/hakukoneoptimointi/,23,1,competitors,general,
myatbcx490273.bloggerbags.com,https://myatbcx490273.bloggerbags.com/39485059/top-10-seo-tools-for-bing,23,1,competitors,general,
creativeentrepreneurs.co,https://creativeentrepreneurs.co/knowledge-category/for-every-business/generative-ai-101/generative-ai-tools-platforms/,22,1,competitors,general,
iamsteve.me,https://iamsteve.me/collections/resource,19,1,competitors,general,
massimol.it,https://www.massimol.it/linkutili/tools-design-tutte-le-risorse-e-gli-strumenti-di-progettazione-in-un-unico-posto-nuovi-strumenti-aggiunti-ogni-settimana/,19,1,competitors,general,
finnianxpbb045050.wssblogs.com,https://finnianxpbb045050.wssblogs.com/34128806/top-10-seo-tools-for-bing,16,1,competitors,general,
alyssarqjh708713.mybloglicious.com,https://alyssarqjh708713.mybloglicious.com/54542333/top-10-seo-tools-for-bing,23,1,competitors,general,
truelist.co,https://truelist.co/blog/google-search-statistics/,27,1,competitors,blog,
pingback.com,https://pingback.com/en/resources/what-is-seo/,49,1,competitors,general,
jivochat.com.br,https://www.jivochat.com.br/blog/marketing/marketing-digital.html,43,1,competitors,blog,
links.biapy.com,https://links.biapy.com/shaare/B7m8Qw,12,1,competitors,general,
marketgoo.com,https://www.marketgoo.com/blog-post/how-to-choose-seo-keywords/,30,1,competitors,general,
tuwebdecero.com,https://tuwebdecero.com/importancia-keyword-research/,20,1,competitors,general,
logomakershop.com,https://logomakershop.com/glossary/what-is-integration-icon-png/,29,1,competitors,general,
shirtsmockup.com,https://www.shirtsmockup.com/blog/best-mockup-tools,12,1,competitors,blog,
tech-cambodia.com,https://tech-cambodia.com/articles/free-design-inspiration-website,18,1,competitors,general,
inithtml.com,https://www.inithtml.com/tai-nguyen/toools-design-kham-pha-cac-cong-cu-va-tai-nguyen-thiet-ke-cuc-ky-huu-ich/,17,1,competitors,general,
jayaeiyg233135.blog2news.com,https://jayaeiyg233135.blog2news.com/34561427/top-10-seo-tools-for-bing,23,1,competitors,general,
pdftoolsworld.com,https://pdftoolsworld.com/blog,6,1,keywords,blog,
neilpatel.com,https://neilpatel.com/de/blog/praktische-content-marketing-programme/,64,1,competitors,blog,
blog.mbadmb.com,https://blog.mbadmb.com/decouvrez-la-vraie-histoire-de-lintelligence-artificielle/,29,1,competitors,blog,
gogrow.dev,https://www.gogrow.dev/blog/7-resources-every-developer-should-know,22,1,competitors,blog,
michal.wiercimok.pl,https://michal.wiercimok.pl/frazy-kluczowe/,19,1,competitors,general,
nbtech.co.th,https://nbtech.co.th/digital-skill/,18,1,competitors,general,
zutrix.com,https://zutrix.com/blog/best-youtube-keyword-research-tools/,28,1,competitors,blog,
uptownstudios.net,https://uptownstudios.net/blog/simplify-your-marketing-with-powerful-software/,28,1,competitors,blog,
graphic-design-institute.com,https://www.graphic-design-institute.com/how-short-term-graphic-design-courses-in-delhi-sharpen-your-edge/,30,1,competitors,general,
ithy.com,https://ithy.com/article/shader-design-guide-xgtxcwei,28,1,competitors,general,
wpmavi.com,https://wpmavi.com/blog/seo-uyumlu-makale-seo-uyumlu-yazi.html,30,1,competitors,blog,
haseebyrqx560722.liberty-blog.com,https://haseebyrqx560722.liberty-blog.com/33988635/top-10-seo-tools-for-bing,16,1,competitors,general,
haariszgvc834896.blog2news.com,https://haariszgvc834896.blog2news.com/34652083/top-10-seo-tools-for-bing,23,1,competitors,general,
reads.alibaba.com,https://reads.alibaba.com/ar/how-to-sell-on-ebay-for-beginners/,82,1,competitors,general,
goodstuffnononsense.com,https://goodstuffnononsense.com/,15,1,competitors,general,
joyk.com,https://www.joyk.com/dig/detail/1693890566464255,17,1,competitors,general,
blog.hubspot.com,https://blog.hubspot.com/marketing/how-to-do-keyword-research-ht,77,1,competitors,blog,
recus-groove.com,https://recus-groove.com/blog/2827,20,1,competitors,blog,
uxantimateria.com,https://uxantimateria.com/repo/toools-raccolta-di-tool,17,1,competitors,general,
it.semrush.com,https://it.semrush.com/blog/lista-definitiva-tool-seo/,87,1,competitors,blog,
frontendfoc.us,https://frontendfoc.us/issues/607,23,1,competitors,general,
ms.wikipedia.org,https://ms.wikipedia.org/wiki/Twitter,100,1,competitors,wiki,
kanlli.com,https://www.kanlli.com/uncategorized/seo-en-amazon-guia-definitiva/,25,1,competitors,general,
serpreach.com,https://serpreach.com/best-seo-tools/,15,1,competitors,general,
maliquankai.com,http://maliquankai.com/2022/03/10/2022-03-10-tools-design/index.html,14,1,competitors,general,
wearegrow.com,https://wearegrow.com/how-to-find-the-best-keywords/,22,1,competitors,general,
schoolaa.net,https://schoolaa.net/2022/12/13/%E5%AD%B8%E6%A0%A1%E6%8B%9B%E7%94%9F%E5%BB%A3%E5%91%8A-%E5%A6%82%E4%BD%95%E6%9C%89%E6%95%88%E9%80%B2%E8%A1%8C%E5%AD%B8%E6%A0%A1%E6%8B%9B%E7%94%9F%E6%B4%BB%E5%8B%95%EF%BC%8C%E9%97%9C%E9%8D%B5%E5%AD%97/,15,1,competitors,general,
leon.com.tw,https://www.leon.com.tw/blog/seo-software/,12,1,competitors,blog,
visual.app,https://visual.app/blog/supercharging-content-creation,30,1,competitors,blog,
sprawnymarketing.pl,https://sprawnymarketing.pl/blog/przydatne-narzedzia-marketingowe/,33,1,competitors,blog,
hubify.com.br,https://hubify.com.br/marketing-de-conteudo/palavras-chave/,30,1,competitors,general,
shanebarker.com,https://shanebarker.com/blog/hashtag-generator-tools/,21,1,competitors,blog,
launchpadlab.com,https://launchpadlab.com/blog/go-to-tools-for-web-design-2022/,25,1,competitors,blog,
welly.hk,https://welly.hk/seo-knowledge/long-tail-keywords,25,1,competitors,general,
marketing.femaleswitch.com,https://marketing.femaleswitch.com/tools-design,28,1,competitors,general,
alvinlmbo719548.bluxeblog.com,https://alvinlmbo719548.bluxeblog.com/66268400/top-10-seo-tools-for-bing,21,1,competitors,general,
wpbeginner.com,https://www.wpbeginner.com/showcase/9-best-wordpress-seo-plugins-and-tools-that-you-should-use/,55,1,competitors,general,
cursorup.com,https://www.cursorup.com/friends,19,1,competitors,general,
seokar.com,https://seokar.com/news/8-free-keyword-find-seo-tools,18,1,competitors,news,
smart-minded.com,https://www.smart-minded.com/en/business/amazon-fba-tools/,31,1,competitors,general,
pagetraffic.com,https://www.pagetraffic.com/blog/most-asked-questions-on-google/,45,1,competitors,blog,
blog.newsletterglue.com,https://blog.newsletterglue.com/grow/newsletter-landing-page/,26,1,competitors,blog,
glossary.logomakershop.com,https://glossary.logomakershop.com/glossary/what-is-integration-icon-png,29,1,competitors,general,
keithqgqd040129.fare-blog.com,https://keithqgqd040129.fare-blog.com/34021130/top-10-seo-tools-for-bing,23,1,competitors,general,
pdftools.net,https://www.pdftools.net/blog,10,1,keywords,blog,
lpestudiocreativo.com,https://lpestudiocreativo.com/17-herramientas-gratuitas-para-color-codigo-seo-interfaz-de-usuario-y-mas/,17,1,competitors,general,
elifunt.kr,https://elifunt.kr/blog/seomarketing/seo-keyword/,21,1,competitors,blog,
rafiki.works,https://www.rafiki.works/blog/freelancer-focus-zeltonique-damon-product-designer,18,1,competitors,blog,
askai.glarity.app,https://askai.glarity.app/search/What-are-the-best-no-code-website-builders-in-2024,29,1,competitors,general,
domain.vsw.jp,http://domain.vsw.jp/toools.design/,25,1,competitors,general,
bnbranding.com,https://bnbranding.com/brandinsightblog/putting-your-best-foot-forward-how-to-make-your-products-look-great-online/,20,1,competitors,general,
arraniqvn110824.blogacep.com,https://arraniqvn110824.blogacep.com/39090188/top-10-seo-tools-for-bing,16,1,competitors,general,
seozseni.hu,https://seozseni.hu/seo-jelentese,23,1,competitors,general,
designstripe.com,https://designstripe.com/blog/supercharging-content-creation,21,1,competitors,blog,
rdstation.com,https://www.rdstation.com/blog/marketing/o-que-e-seo/,59,1,competitors,blog,
neographefactory.com,https://www.neographefactory.com/toolbox/les-inclassables,21,1,competitors,general,
levelup.gitconnected.com,https://levelup.gitconnected.com/free-forever-essential-resources-for-indie-devs-9abfd86d6a8b,46,1,competitors,general,
de.semrush.com,https://de.semrush.com/blog/beste-seo-tools/,87,1,competitors,blog,
azaseo.com,https://azaseo.com/vi/tin-tuc/huong-dan-su-dung-google-keyword-planner/,16,1,competitors,general,
toxigon.com,https://toxigon.com/illustration-resources,17,1,competitors,general,
alyssakwek946512.educationalimpactblog.com,https://alyssakwek946512.educationalimpactblog.com/55992709/top-10-seo-tools-for-bing,16,1,competitors,general,
qbn.com,https://www.qbn.com/reply/4051911/,23,1,competitors,general,
syoseo.com,https://www.syoseo.com/post/1504.html,12,1,competitors,general,
mimos.ir,https://mimos.ir/seo/,14,1,competitors,general,
webcurate.co,https://webcurate.co/,6,1,competitors,general,
iwanaqkv041381.mybuzzblog.com,https://iwanaqkv041381.mybuzzblog.com/13826375/top-10-seo-tools-for-bing,17,1,competitors,general,
epikso.com,https://www.epikso.com/blog/actionable-seo-techniques-that-are-impacting-traffic-right-now/,23,1,competitors,blog,
ipv6-spider.com,https://www.ipv6-spider.com/en/host/toools.design,20,1,competitors,general,
vn.ic-online.com,https://vn.ic-online.com/news/post/where-to-find-the-best-free-motion-sensor-svgs,21,1,competitors,news,
creators.spotify.com,https://creators.spotify.com/pod/profile/pinthoughts/episodes/Podcast-Definition--Marketing-Der-Schlssel-zu-authentischer-Kommunikation-e2ud674?%24web_only=true&_branch_match_id=link-1415264464940893976&_branch_referrer=H4sIAAAAAAAAA8soKSkottLXLy7IL8lMq0wuSk0syS8q1i1PTdJLLCjQy8nMy9ZP1a%2F0N3AP9nQ09QhMAgDV5ZByMgAAAA%3D%3D,100,1,competitors,general,
awaraj.com,https://awaraj.com/user-experience-ux-design/,18,1,competitors,general,
mariyahyhni050394.blogsidea.com,https://mariyahyhni050394.blogsidea.com/40890602/top-10-seo-tools-for-bing,24,1,competitors,general,
mapsofarabia.com,https://mapsofarabia.com/how-to-do-arabic-seo-in-ksa/,18,1,competitors,general,
inboundmarketing.com.tw,https://inboundmarketing.com.tw/%E9%97%9C%E9%8D%B5%E5%AD%97%E8%A6%8F%E5%8A%83%E5%B7%A5%E5%85%B7/,25,1,competitors,general,
uxdesignweekly.com,https://uxdesignweekly.com/page/191/,23,1,competitors,general,
multithemes.com,https://www.multithemes.com/examples/stacks/quicksvg/icons/,25,1,competitors,general,
angelaksgiles.medium.com,https://angelaksgiles.medium.com/the-essential-guide-to-blogging-the-crazy-profitable-kind-64686180c265,96,1,competitors,general,
techpout.com,https://www.techpout.com/best-youtube-keyword-tools/,23,1,competitors,general,
es.semrush.com,https://es.semrush.com/blog/herramientas-seo-gratis/,87,1,competitors,blog,
webalia.fr,https://webalia.fr/comment-trouver-des-images-gratuites/,25,1,competitors,general,
femaleswitch.com,https://www.femaleswitch.com/top-startups-2025/tpost/7ha5ymvlo1-top-10-proven-vibe-coding-tools-designer,28,1,competitors,general,
linktr.ee,https://linktr.ee/gilmaga,89,1,competitors,general,
siamfocus.com,https://www.siamfocus.com/seo/277.html,18,1,competitors,general,
rozgar.com,https://rozgar.com/blog/how-to-find-and-hire-ui-ux-designer-in-2024,26,1,competitors,blog,
roxannrwjn784880.newbigblog.com,https://roxannrwjn784880.newbigblog.com/40258499/top-10-seo-tools-for-bing,24,1,competitors,general,
devresourc.es,https://devresourc.es/category/blog,21,1,competitors,blog,
boredhoard.com,https://boredhoard.com/discover/toools/,12,1,competitors,general,
thehotskills.com,https://thehotskills.com/best-long-tail-keyword-research-tools/,21,1,competitors,general,
ascentkorea.com,https://www.ascentkorea.com/youtube-keyword-tool-recommendation/,29,1,competitors,general,
tesssvfv505955.newbigblog.com,https://tesssvfv505955.newbigblog.com/40114963/top-10-seo-tools-for-bing,24,1,competitors,general,
mercados.substack.com,https://mercados.substack.com/p/donde-publicar-tu-startup-y-conseguir,84,1,competitors,general,
problogger.com,https://problogger.com/how-to-create-your-guest-blogging-strategy-with-a-5-step-template/,44,1,competitors,general,
masamedia.co.il,https://www.masamedia.co.il/seo-tools/,23,1,competitors,general,
outilsnum.fr,https://outilsnum.fr/newsletter-outils-numeriques-30-avril-2025/,23,1,competitors,general,
amberiyrb958852.blog2news.com,https://amberiyrb958852.blog2news.com/34708736/top-10-seo-tools-for-bing,23,1,competitors,general,
91wink.com,https://91wink.com/kuaixun/5830.html,12,1,competitors,general,
drevio.com,https://www.drevio.com/how-to-make-customized-birthday-invitations,24,1,competitors,general,
beflash.de,https://beflash.de/app-branding-strategien/,22,1,competitors,general,
bhaviksarkhedi.com,https://bhaviksarkhedi.com/next-gen-branding-experts/,22,1,competitors,general,
creativerly.com,https://creativerly.com/brain-dump-better/,24,1,competitors,general,
lemp.io,https://lemp.io/can-figma-do-what-adobe-illustrator-can-do/,14,1,competitors,general,
mondary.design,https://mondary.design/2025/04/toools-bibliotheque-doutils-pour-designer/,22,1,competitors,general,
uxdesign.cc,https://uxdesign.cc/is-creativity-unique-being-creative-in-an-age-of-genai-d9562d6754ff,52,1,competitors,general,
grassrootscreativeagency.com,https://grassrootscreativeagency.com/local-seo-in-dubai/,25,1,competitors,general,
figr.design,https://figr.design/blog/creating-a-color-palette-for-your-design-system-practices-and-tips,29,1,competitors,blog,
tupacbruch.com,https://tupacbruch.com/que-son-las-palabras-clave-y-como-puedo-usarlas-para-posicionar-mi-web/,27,1,competitors,general,
habr.com,https://habr.com/ru/articles/730914/,72,1,competitors,general,
stephaniewalter.design,https://stephaniewalter.design/blog/pixels-of-the-week-april-10-2022/,28,1,competitors,blog,
publishing.blog,https://publishing.blog/entdecke-nuetzliche-design-ressourcen-und-tools-toools-design/,27,1,competitors,general,
blog.hubspot.es,https://blog.hubspot.es/marketing/7-mejores-herramientas-gratuitas-para-buscar-keywords,53,1,competitors,blog,
joanbhqs761186.glifeblog.com,https://joanbhqs761186.glifeblog.com/33136180/top-10-seo-tools-for-bing,23,1,competitors,general,
vlinzza.com,https://vlinzza.com/blog/%D8%B3%D9%8A%D9%88-%D8%AA%D8%AD%D8%B3%D9%8A%D9%86-%D9%85%D8%AD%D8%B1%D9%83%D8%A7%D8%AA-%D8%A7%D9%84%D8%A8%D8%AD%D8%AB/,17,1,competitors,blog,
photoshopvip.net,https://photoshopvip.net/134093,40,1,competitors,general,
theyoungdigitals.nl,https://theyoungdigitals.nl/getest-gratis-tools-voor-online-marketeers/,23,1,competitors,general,
to.yo.directory,http://to.yo.directory/EOLanZ,19,1,competitors,general,
lucycvka354416.wssblogs.com,https://lucycvka354416.wssblogs.com/34115440/top-10-seo-tools-for-bing,16,1,competitors,general,
haseebtjbt430664.blogsidea.com,https://haseebtjbt430664.blogsidea.com/40489695/top-10-seo-tools-for-bing,25,1,competitors,general,
theventurecrew.substack.com,https://theventurecrew.substack.com/p/openai-revealed-the-next-billion,84,1,competitors,general,
frontendplanet.com,https://www.frontendplanet.com/best-newsletters-frontend/,17,1,competitors,general,
shopify.com,https://www.shopify.com/blog/instagram-hashtags,88,1,competitors,blog,
yaroslavstepanenko.medium.com,https://yaroslavstepanenko.medium.com/managing-a-growing-business-the-macpaw-list-of-160-tools-we-use-153307f712d3,96,1,competitors,general,
mansooryousaf.com,https://www.mansooryousaf.com/seo-services/,15,1,competitors,general,
marketrats.lt,https://www.marketrats.lt/,24,1,competitors,general,
unicornclub.dev,https://unicornclub.dev/newsletters/2023-07-05-7-javascript-apis-to-build-futuristic-websites/,18,1,competitors,general,
alyshakvnm818772.fare-blog.com,https://alyshakvnm818772.fare-blog.com/34586768/top-10-seo-tools-for-bing,23,1,competitors,general,
growthmarketingpro.com,https://www.growthmarketingpro.com/best-seo-software-tools/,34,1,competitors,general,
cadabullos.com,https://www.cadabullos.com/blog/herramientas-interesantes-diseno-web-no-conocias,16,1,competitors,blog,
fisherdesignandadvertising.com,https://www.fisherdesignandadvertising.com/seo-keyword-tools/,28,1,competitors,general,
animalz.co,https://www.animalz.co/blog/content-marketing-strategy/,36,1,competitors,blog,
ungmedia.se,https://ungmedia.se/for-medlemmar/verktyg-guider/medieproduktionsguiden/tips-pa-mediaverktyg/,23,1,competitors,general,
snip.ly,http://snip.ly/yl97s,26,1,competitors,general,
rankersparadise.com,https://rankersparadise.com/free-backlinks/,20,1,competitors,general,
aiboost.co.uk,https://aiboost.co.uk/10-tips-for-creating-a-professional-looking-blog/,17,1,competitors,general,
webtoolsweekly.com,https://webtoolsweekly.com/archives/issue-528/,21,1,competitors,general,
muchmore.co.il,https://muchmore.co.il/keywords-targeting/,12,1,competitors,general,
circumicons.com,https://circumicons.com/,23,1,competitors,general,
trimarkdigital.com,https://www.trimarkdigital.com/blog/social-media-content-on-a-budget/,29,1,competitors,blog,
frasernazd881668.blogrenanda.com,https://frasernazd881668.blogrenanda.com/40668925/top-10-seo-tools-for-bing,18,1,competitors,general,
ai.nocodeexits.com,https://ai.nocodeexits.com/p/36-the-v1-of-marketplace-for-newsletters,12,1,competitors,general,
1718.cn.com,https://1718.cn.com/,13,1,competitors,general,
crawforddesignsllc.com,https://www.crawforddesignsllc.com/design-tips.html,18,1,competitors,general,
freelanceinformer.com,https://www.freelanceinformer.com/freelance-informer-guides/revitalise-your-business-with-a-one-week-makeover/,24,1,competitors,general,
curationofcurations.com,https://www.curationofcurations.com/Curation-sites-Categories/Design-resources,17,1,competitors,general,
robertdkst978193.canariblogs.com,https://robertdkst978193.canariblogs.com/top-10-seo-tools-for-bing-49290872,24,1,competitors,general,
askanything-pro.pages.dev,https://askanything-pro.pages.dev/2025/06/26/2025%E5%B9%B4%E6%9C%80%E5%A5%BD%E7%9A%84AI%E7%94%9F%E6%88%90UI%E5%B9%B3%E5%8F%B0%E6%9C%89%E5%93%AA%E4%BA%9B/,0,0,competitors,general,
byteway.eu,https://byteway.eu/picture-this/,6,0,competitors,general,
createwithdanielle.com,https://createwithdanielle.com/resources/,20,0,competitors,general,
me.lg3000.top,http://me.lg3000.top/index.php/archives/936/,2,0,competitors,general,
nineteeneightyfour.beehiiv.com,https://nineteeneightyfour.beehiiv.com/p/80s-design-rugby-greenpeace-wildlife-photoghraphy,0,0,competitors,general,
1984design.notion.site,https://1984design.notion.site/Websites-75d8fb67955b488588010efe6f530d84,2,0,competitors,general,
kubetbiz.com,https://kubetbiz.com/,5,0,competitors,general,
landingpage.fyi,https://www.landingpage.fyi/,14,0,competitors,general,
brik.co.jp,https://brik.co.jp/tips/1507,25,0,competitors,general,
w2solo.com,http://w2solo.com/topics/3270,18,0,competitors,general,
winsea123.com,https://www.winsea123.com/,18,0,competitors,general,
dev.zenith.sh.cn,http://dev.zenith.sh.cn/arleengilberts/geuss.us9976/-/issues/43,5,0,competitors,general,
crisfianoo.ru.com,https://crisfianoo.ru.com/,2,0,competitors,general,
askanything.pro,https://askanything.pro/2025/06/26/2025%E5%B9%B4%E6%9C%80%E5%A5%BD%E7%9A%84AI%E7%94%9F%E6%88%90UI%E5%B9%B3%E5%8F%B0%E6%9C%89%E5%93%AA%E4%BA%9B/,2,0,competitors,general,
awesome.ecosyste.ms,https://awesome.ecosyste.ms/lists/marcelscruz%2Fdev-resources,40,0,competitors,general,
indexsy.com,https://indexsy.com/seo-tools/,28,0,competitors,general,
fashionbyai.io,https://fashionbyai.io/knowledge/what_are_some_suggestions_for_improving_this_design.php,14,0,competitors,general,
uxchi.notion.site,https://uxchi.notion.site/Hey-I-m-Chi-8e9115aa3de44ae0857d402ace47d076,9,0,competitors,general,
ashishji.com,https://ashishji.com/best-tools-to-collect-design-inspiration-for-designers/,2,0,competitors,general,
bestsimilarsites.com,https://bestsimilarsites.com/toools-design/,2,0,competitors,general,
uichallenges.design,https://www.uichallenges.design/,9,0,competitors,general,
shyamantab.medium.com,https://shyamantab.medium.com/22-free-digital-marketing-tools-to-boost-your-startup-2d2ef416ba81,0,0,competitors,general,
m8898.com,https://m8898.com/,4,0,competitors,general,
beta.w2solo.com,http://beta.w2solo.com/topics/3270,18,0,competitors,general,
iotkoreamall.com,http://iotkoreamall.com/xe81vpa1/screenlane-alternative,2,0,competitors,general,
dailygam.com,https://dailygam.com/successful-keyword-research/,5,0,competitors,general,
whatsgooddesign.com,http://www.whatsgooddesign.com/open-source-illustrations.html,2,0,competitors,general,
learnwithdv.com,https://learnwithdv.com/on-page-seo-techniques-with-examples/,2,0,competitors,general,
1steg.com,https://1steg.com/best-looking-websites-to-inspire-your-design-in-2022/,2,0,competitors,general,
blog.dalyaitools.com,https://blog.dalyaitools.com/ai-productivity/ai-tools-for-graphic-design/,6,0,competitors,blog,
launchpointzeroror-production.up.railway.app,https://launchpointzeroror-production.up.railway.app/launchsites,39,0,competitors,general,
coliss.com,https://coliss.com/articles/build-websites/operation/work/awesome-free-tools.html,37,0,competitors,general,
affdays.com,https://affdays.com/post_articles/18551,26,0,competitors,general,
seomel.blogspot.com,http://seomel.blogspot.com/,2,0,competitors,blog,
ltgseo.vn,https://ltgseo.vn/keyword-stemming-la-gi/,8,0,competitors,general,
allianceuniversal.com,https://allianceuniversal.com/2025-10-free-must-know-websites-for-every-developer/,2,0,competitors,general,
kevinbk.com,https://kevinbk.com/seo-guia-rankear-buscas-site-ferramentas/,10,0,competitors,general,
nathanupchurch.com,https://nathanupchurch.com/links/,23,0,competitors,general,
aiguru.vn,http://aiguru.vn/toools-design-ai?url=https%3A%2F%2Fwww.toools.design%2F,8,0,competitors,general,
socialclimb.org,https://socialclimb.org/,5,0,competitors,general,
amae.pro,https://amae.pro/recursos-amae/,18,0,competitors,general,
nocodesupply.co,https://www.nocodesupply.co/item/toools,26,0,competitors,general,
kubett77.net,https://kubett77.net/,5,0,competitors,general,
aisyntric.site,https://aisyntric.site/best-ai-website-builders-2025/,2,0,competitors,general,
junglytics.com,https://www.junglytics.com/blog/best-amazon-ai-seller-tools,5,0,competitors,blog,
blog.gogrow.dev,https://blog.gogrow.dev/7-resources-every-developer-should-know-f763381ccfbb,22,0,competitors,blog,
atoms.dev,https://atoms.dev/insights/vibe-coding-y-sus-innovaciones-en-2025-un-analisis-completo-de-productos-con-enfoque-en-metagpt-x/86dd1d16ce2c44d698284216721f0ba4,2,0,competitors,general,
fsseo.com.br,https://fsseo.com.br/seo-no-brasil-o-guia-completo-para-otimizacao-de-sites/,2,0,competitors,general,
wixbusinesspro.com,https://www.wixbusinesspro.com/post/the-best-keyword-research-tools-for-seo-in-2023,5,0,competitors,general,
bence.net,https://bence.net/read-blog/13111_unlocking-financial-freedom-discover-the-efficiency-of-ezloan-039-s-fast-and-eas.html,6,0,competitors,general,
me.bizihu.com,http://me.bizihu.com/index.php/archives/936/,6,0,competitors,general,
tiugtipaw.wordpress.com,https://tiugtipaw.wordpress.com/resources/,4,0,competitors,blog,
keywordgenerator.net,https://keywordgenerator.net/searchengineforums/,24,0,competitors,general,
allex.framer.ai,https://allex.framer.ai/bookmark,2,0,competitors,general,
grentmedia.hu,https://grentmedia.hu/hogyan-szerezzek-vasarlokat-a-webshopomba/,10,0,competitors,general,
tocreateablog.com,https://tocreateablog.com/starting-a-blog/,2,0,competitors,general,
agusomto64.medium.com,https://agusomto64.medium.com/unviel-of-the-first-blockchain-first-playtoearn-ecosystem-blockchain-project-868d6de84184,0,0,competitors,general,
quaily.com,https://quaily.com/moonvy/p/moonvy-design-material-weekly-issue-030,17,0,competitors,general,
alijuntunen.com,https://alijuntunen.com/design-program,2,0,competitors,general,
zd031.com,http://zd031.com/ai-powered-design-plugins.html,2,0,competitors,general,
architeles.eu,http://architeles.eu/ethics/index.php/2024/05/22/github-copilot-zbawienie-czy-potepienie-jak-narzedzia-do-automatycznego-generowania-kodu-i-nie-tylko-wplyna-na-branze-it/,6,0,competitors,general,
ajyabbie.netlify.app,https://ajyabbie.netlify.app/,2,0,competitors,general,
adriantrinkaus.framer.website,https://adriantrinkaus.framer.website/,2,0,competitors,general,
seo-expert.hu,http://seo-expert.hu/kulcsszokutatas,4,0,competitors,general,
blissdrive.com,https://www.blissdrive.com/guides/seo-for-ecommerce-ultimate-guide/,30,0,competitors,general,
breaking.dog,https://breaking.dog/f00076e223944f3993a96ac4970ab0f2?lang=ja,7,0,competitors,general,
branition.com,https://branition.com/blog/become-logo-designer,27,0,competitors,blog,
rastana.com,https://www.rastana.com/product/seobook/,4,0,competitors,general,
ameliagrevillej.pages.dev,https://ameliagrevillej.pages.dev/knkgk-website-design-inspiration-2025-jkslj/,2,0,competitors,general,
facesbyderrick.com,https://facesbyderrick.com/,4,0,competitors,general,
community-jp.eagle.cool,https://community-jp.eagle.cool/,39,0,competitors,general,
brockarudall.pages.dev,https://brockarudall.pages.dev/oucbu-website-design-inspiration-2025-uwyzu/,2,0,competitors,general,
moonvy.com,https://moonvy.com/blog/post/%E8%AE%BE%E8%AE%A1%E7%B4%A0%E6%9D%90%E5%91%A8%E5%88%8A/030/,27,0,competitors,blog,
geekflare.com,https://geekflare.com/fr/guide/product-launch-platforms/,52,0,competitors,general,
antrikshglobal.com,https://antrikshglobal.com/tag/branding/,10,0,competitors,general,
brazen-recess-90b.notion.site,https://brazen-recess-90b.notion.site/WEBSITES-multimedia-3e36c00984444b3185f13815f8d5750d,2,0,competitors,general,
experienced-people.co.uk,http://www.experienced-people.co.uk/1042-top-ways-of-making-money-online/,10,0,competitors,general,
community-tw.eagle.cool,https://community-tw.eagle.cool/,41,0,competitors,general,
blog.flance4u.org,https://blog.flance4u.org/top-10-best-keyword-research-tools-for-seo-in-2025-free-and-paid,2,0,competitors,blog,
noboringdesign.com,https://www.noboringdesign.com/blog/marketing-design-trends-for-non-profits,25,0,competitors,blog,
clicksyou.com,https://clicksyou.com/how-many-seo-keywords-should-i-use/,8,0,competitors,general,
productdesignresources.com,https://www.productdesignresources.com/,4,0,competitors,general,
posts.cv,https://posts.cv/tanyagakhar/0HvVTBUBNpF3bfV9sHKI,5,0,competitors,general,
share.hypelist.com,https://share.hypelist.com/list/323ae0ca-fd71-4e47-82a3-8bd3e3005e28,19,0,competitors,general,
pathtodesign.com,https://www.pathtodesign.com/?ref=uxdesignweekly,6,0,competitors,general,
community-en.eagle.cool,https://community-en.eagle.cool/,41,0,competitors,general,
iranpomex.ir,https://iranpomex.ir/,2,0,competitors,general,
2048ai.net,https://2048ai.net/6895b8e5a6db534ba2c0050b.html,2,0,competitors,general,
tactusmediacompany.medium.com,https://tactusmediacompany.medium.com/all-the-stages-of-the-video-production-process-explained-4f7200a5f597,0,0,competitors,general,
lik-nu.info,http://lik-nu.info/index-328.html,2,0,competitors,general,
seofreelance.net,https://seofreelance.net/,7,0,competitors,general,
strugbitstech.wixstudio.com,https://strugbitstech.wixstudio.com/strugbits/post/keyword-research-tips-for-small-businesses,2,0,competitors,general,
sonnivasquez.com,https://sonnivasquez.com/recursos-seo/,6,0,competitors,general,
reddo.cloud,https://www.reddo.cloud/s/search/14115?query=%E4%BA%A7%E5%93%81%E5%AF%BC%E8%88%AA%E7%BD%91%E7%AB%99,4,0,competitors,general,
straighttalkforsuccessbook.com,https://www.straighttalkforsuccessbook.com/,3,0,competitors,general,
eleduck.com,https://eleduck.com/posts/GzfbjW,25,0,competitors,general,
antomal.com,https://antomal.com/notes/design/,17,0,competitors,general,
jteenprofessionals.org,http://jteenprofessionals.org/ai-powered-design-plugins.html,2,0,competitors,general,
anunay.framer.website,https://anunay.framer.website/blog,0,0,competitors,blog,
community-cn.eagle.cool,https://community-cn.eagle.cool/,41,0,competitors,general,
appliedartand.design,http://appliedartand.design/85-OL-f23/Andrea-Malacas/,2,0,competitors,general,
bidhancreation.blogspot.com,https://bidhancreation.blogspot.com/,2,0,competitors,blog,
webup.in,https://webup.in/,5,0,competitors,general,
fmhy.net,https://fmhy.net/storage,43,0,competitors,general,
whoisdsmith.gitbook.io,https://whoisdsmith.gitbook.io/freemediaheckyeah/readme/storage,53,0,competitors,general,
earthweb.com,https://earthweb.com/how-many-people-use-google/,7,0,competitors,general,
99designstore.com,https://99designstore.com/how-to-find-copywriting-clients-on-instagram/,5,0,competitors,general,
affilieblog.blogspot.com,https://affilieblog.blogspot.com/,2,0,competitors,blog,
matijazajek.com,http://www.matijazajek.com/vsebinski-spletni-marketing/,2,0,competitors,general,
seoarbi.site,https://www.seoarbi.site/2025/12/keyword-research-tools-guide.html,2,0,competitors,general,
landinghunt.com,http://landinghunt.com/alternatives,2,0,competitors,general,
imshewale.medium.com,https://imshewale.medium.com/complete-osint-fundamentals-fd7848663588,96,0,competitors,general,
ritu64-yadav.medium.com,https://ritu64-yadav.medium.com/5-writing-tools-to-make-your-life-easier-57261880d01b,0,0,competitors,general,
rajeevdigiutsav.medium.com,https://rajeevdigiutsav.medium.com/blogging-tools-29-best-tools-to-grow-your-blog-in-2019-1cb2a7d22e3b,0,0,competitors,general,
inspiratie.linku.nl,https://inspiratie.linku.nl/toools-design,0,0,competitors,general,
adfolexg.top,https://adfolexg.top/blog/illustrations/open-source-illustrations,2,0,competitors,blog,
louna-danse.com,http://www.louna-danse.com/ofvle/character-illustration-library,6,0,competitors,general,
tmarketing.vn,https://tmarketing.vn/cong-cu-danh-cho-dan-marketing/,20,0,competitors,general,
cultivate-int.org,http://www.cultivate-int.org/,6,0,competitors,general,
saijogeorge.com,https://saijogeorge.com/best-marketing-tools/,38,0,competitors,general,
rpe147.medium.com,https://rpe147.medium.com/find-your-niche-ca480d001403,0,0,competitors,general,
archive.hongweitang.com,https://archive.hongweitang.com/tools,0,0,competitors,general,
aitooldeck.com,https://aitooldeck.com/es/tool/tooolsdesign,2,0,competitors,general,
nguoivietcontent.com,https://nguoivietcontent.com/phan-mem-seo.html,7,0,competitors,general,
khachatrianann.medium.com,https://khachatrianann.medium.com/12-free-tools-to-run-your-marketing-processes-86e2e8efad86,0,0,competitors,general,
daveconrey.com,https://www.daveconrey.com/p/all-my-creative-resources,12,0,competitors,general,
qiita.com,https://qiita.com/rana_kualu/items/cad8dbbe5f5a1f1b3ba1,71,0,competitors,general,
backlinkiran.com,https://backlinkiran.com/%D9%87%D8%A7%D8%A8-%D9%85%D9%86%D8%A7%D8%A8%D8%B9-%D8%A7%D8%B5%D9%84%DB%8C/%DA%A9%D9%84%D9%85%D8%A7%D8%AA-%DA%A9%D9%84%DB%8C%D8%AF%DB%8C/%D8%A7%D9%86%D8%AA%D8%AE%D8%A7%D8%A8-%DA%A9%D9%84%D9%85%D9%87-%DA%A9%D9%84%DB%8C%D8%AF%DB%8C/,8,0,competitors,general,
directory.civictech.guide,https://directory.civictech.guide/?page=79,24,0,competitors,general,
marketingterms.com,https://www.marketingterms.com/tools/,35,0,competitors,general,
setproduct.com,https://www.setproduct.com/blog/top-design-tools,24,0,competitors,blog,
onething-design.medium.com,https://onething-design.medium.com/a-designers-guide-to-human-centered-seo-a099f03377e2,0,0,competitors,general,
brandonasheehana.pages.dev,https://brandonasheehana.pages.dev/rsllm-website-design-inspiration-2025-dukvf/,2,0,competitors,general,
pascalstrasche.com,https://www.pascalstrasche.com/,5,0,competitors,general,
